"Part";"Value";"Device";"Package";"Description";"PROD_ID";"SF_ID";"SF_SKU";"VALUE";
"C1";"1.0uF";"1.0UF-0603-16V-10%";"0603";"1µF ceramic capacitors";"CAP-00868";"";"";"1.0uF";
"C2";"1.0uF";"1.0UF-0603-16V-10%";"0603";"1µF ceramic capacitors";"CAP-00868";"";"";"1.0uF";
"C3";"1.0uF";"1.0UF-0603-16V-10%";"0603";"1µF ceramic capacitors";"CAP-00868";"";"";"1.0uF";
"C4";"1.0uF";"1.0UF-0603-16V-10%";"0603";"1µF ceramic capacitors";"CAP-00868";"";"";"1.0uF";
"C5";"1.0uF";"1.0UF-0603-16V-10%";"0603";"1µF ceramic capacitors";"CAP-00868";"";"";"1.0uF";
"C6";"10uF";"10UF-0603-6.3V-20%";"0603";"10.0µF ceramic capacitors";"CAP-11015";"";"";"10uF";
"C7";"10uF";"10UF-0603-6.3V-20%";"0603";"10.0µF ceramic capacitors";"CAP-11015";"";"";"10uF";
"C8";"0.1uF";"0.1UF-0603-25V-(+80/-20%)";"0603";"0.1µF ceramic capacitors";"CAP-00810";"";"";"0.1uF";
"D1";"RED";"LED-RED0603";"LED-0603";"Red SMD LED";"DIO-00819";"";"";"RED";
"D2";"RED";"LED-RED0603";"LED-0603";"Red SMD LED";"DIO-00819";"";"";"RED";
"D3";"RED";"LED-RED0603";"LED-0603";"Red SMD LED";"DIO-00819";"";"";"RED";
"D4";"RED";"LED-RED0603";"LED-0603";"Red SMD LED";"DIO-00819";"";"";"RED";
"D5";"RED";"LED-RED0603";"LED-0603";"Red SMD LED";"DIO-00819";"";"";"RED";
"D6";"200mA/100V/1V";"DIODE-1N4148";"DIODE-1N4148";"Diode";"DIO-08378";"";"";"200mA/100V/1V";
"J1";"DB25_FEMALE";"DB25_FEMALEHP";"F25HP";"25 Pin male connector. PCB edge mount for regular PCB thicknesses. This connector will connect directly to the back of a PC parallel port or through a normal DB25 extension cable (M/F). SKU: PRT-08287";"";"";"";"";
"J2";"USB_MINI-B_SMT";"USB_MINI-B_SMT";"USB-MINIB";"USB type Mini-B Connector";"CONN-08193";"PRT-00587";"";"";
"J3";"HW FLOW CTL";"CONN_02";"1X02";"Multi connection point. Often used as Generic Header-pin footprint for 0.1 inch spaced/style header connections";"";"";"";"";
"J4";"EXT_PWR";"CONN_02";"1X02";"Multi connection point. Often used as Generic Header-pin footprint for 0.1 inch spaced/style header connections";"";"";"";"";
"J5";"FLOW OUT";"CONN_03";"1X03";"Multi connection point. Often used as Generic Header-pin footprint for 0.1 inch spaced/style header connections";"";"";"";"";
"J6";"FLOW IN";"CONN_03";"1X03";"Multi connection point. Often used as Generic Header-pin footprint for 0.1 inch spaced/style header connections";"";"";"";"";
"J7";"LOOPBACK";"CONN_03";"1X03";"Multi connection point. Often used as Generic Header-pin footprint for 0.1 inch spaced/style header connections";"";"";"";"";
"J8";"EXTERNAL SERIAL";"10PIN_SERIALPTH2";"2X5-SHROUDED";"AVR 10-pin ICSP Header";"CONN-08671";"PRT-08506";"";"";
"R1";"1k";"1KOHM-0603-1/10W-1%";"0603";"1kΩ resistor";"RES-07856";"";"";"1k";
"R2";"1k";"1KOHM-0603-1/10W-1%";"0603";"1kΩ resistor";"RES-07856";"";"";"1k";
"R3";"1k";"1KOHM-0603-1/10W-1%";"0603";"1kΩ resistor";"RES-07856";"";"";"1k";
"R4";"1k";"1KOHM-0603-1/10W-1%";"0603";"1kΩ resistor";"RES-07856";"";"";"1k";
"R5";"1k";"1KOHM-0603-1/10W-1%";"0603";"1kΩ resistor";"RES-07856";"";"";"1k";
"R6";"1k";"1KOHM-0603-1/10W-1%";"0603";"1kΩ resistor";"RES-07856";"";"";"1k";
"S1";"MOMENTARY-SWITCH-SPST-PTH-6.0MM";"MOMENTARY-SWITCH-SPST-PTH-6.0MM";"TACTILE_SWITCH_PTH_6.0MM";"Momentary Switch (Pushbutton) - SPST";" SWCH-08441";"";"COM-00097";"";
"U1";"LM1117-3.3";"V_REG_LM1117SOT223";"SOT223";"Voltage Regulator LM1117";"VREG-08170";"";"";"";
"U2";"MAX3232";"MAX2323PTH";"DIP16";"RS232 Transceiver";"IC-08446";"";"";"MAX3232";
"U3";"ESP8266_ESP-01";"ESP8266_ESP-01";"ESP8266_ESP-01";"ESP8266 ESP-01 Module";"";"WRL-13678";"";"";
